HYPOVOLEMIA,No description available.
Left Ventricular End-Diastolic Volume,No description available.
STROKEVOLUME,No description available.
Central Venous Pressure,No description available.
Pulmonary Capillary Wedge Pressure,
Left Ventricular Failure,No description available.
HISTORY,
Cardiac Output,
ERRLOWOUTPUT,No description available.
HRBP,No description available.
ERRCAUTER,No description available.
Heart Rate EKG,No description available.
Heart Rate Saturation,No description available.
Insufficient Anesthesia,No description available.
CATECHOL,No description available.
ANAPHYLAXIS,No description available.
Total Peripheral Resistance,
Blood Pressure,
KINKEDTUBE,No description available.
PRESS,No description available.
VENTLUNG,No description available.
Fraction of Inspired Oxygen,
Peripheral Venous Saturation,No description available.
Arterial Oxygen Saturation,No description available.
Pulmonary Embolus,No description available.
Pulmonary Artery Pressure,No description available.
SHUNT,No description available.
INTUBATION,No description available.
Minimum Volume,No description available.
Ventilation Alveolar,No description available.
DISCONNECT,No description available.
Ventilation Tube,No description available.
Minimum Volume Set,No description available.
Ventilation Machine,No description available.
Expired CO2,No description available.
Arterial CO2,No description available.
Heart Rate,
