Smoking,"Smoking is a practice in which a substance is combusted and the resulting smoke is typically inhaled to be tasted and absorbed into the bloodstream of a person. Most commonly, the substance used is the dried leaves of the tobacco plant, which have been rolled with a small rectangle of paper into an elongated cylinder called a cigarette. Other forms of smoking include the use of a smoking pipe or a bong.
Smoking is primarily practised as a route of administration for psychoactive chemicals because the active substances within the burnt dried plant leaves vaporizes and can be airborne-delivered into the respiratory tract, where they are rapidly absorbed into the bloodstream of the lungs and then reach the central nervous system. In the case of tobacco smoking, these active substances are a mixture of aerosol particles that includes the pharmacologically active alkaloid nicotine, which stimulates the nicotinic acetylcholine receptors in the brain. Other notable active substances inhaled via smoking include tetrahydrocannabinol (from cannabis), morphine (from opium) and cocaine (from crack). In some cultures, smoking is also carried out as a part of various rituals, where participants use it to help induce trance-like states that, they believe, can lead them to spiritual enlightenment.
Smoking is one of the most common forms of recreational drug use. Tobacco smoking is the most popular form, being practised by over one billion people globally, of whom the majority are in the developing countries. Less common drugs for smoking include cannabis and opium. Some of the substances are classified as hard narcotics, like heroin, but the use of these is very limited as they are usually not commercially available. Cigarettes are primarily industrially manufactured but also can be hand-rolled from loose tobacco and rolling paper. Other smoking implements include pipes, cigars, bidis, hookahs, and bongs.
Smoking has negative health effects, because smoke inhalation inherently poses challenges to various physiologic processes such as respiration. Smoking tobacco is among the leading causes of many diseases such as lung cancer, heart attack, COPD, erectile dysfunction, and birth defects. Diseases related to tobacco smoking have been shown to kill approximately half of long-term smokers when compared to average mortality rates faced by non-smokers. Smoking caused over five million deaths a year from 1990 to 2015. Non-smokers account for 600,000 deaths globally due to second-hand smoke. The health hazards of smoking have caused many countries to institute high taxes on tobacco products, publish advertisements to discourage use, limit advertisements that promote use, and provide help with quitting for those who do smoke.Smoking can be dated to as early as 5000 BCE, and has been recorded in many different cultures across the world. Early smoking evolved in association with religious ceremonies; as offerings to deities; in cleansing rituals; or to allow shamans and priests to alter their minds for purposes of divination or spiritual enlightenment. After the European exploration and conquest of the Americas, the practice of smoking tobacco quickly spread to the rest of the world. In regions like India and Sub-Saharan Africa, it merged with existing practices of smoking (mostly of cannabis). In Europe, it introduced a new type of social activity and a form of drug intake which previously had been unknown.
Perception surrounding smoking has varied over time and from one place to another: holy and sinful, sophisticated and vulgar, a panacea and deadly health hazard. In the last decade of the 20th century, smoking came to be viewed in a decidedly negative light, especially in Western countries."
Lung Cancer,
Bronchitis,"Bronchitis is inflammation of the bronchi (large and medium-sized airways) in the lungs that causes coughing. Bronchitis usually begins as an infection in the nose, ears, throat, or sinuses. The infection then makes its way down to the bronchi. Symptoms include coughing up sputum, wheezing, shortness of breath, and chest pain. Bronchitis can be acute or chronic.Acute bronchitis usually has a cough that lasts around three weeks, and is also known as a chest cold. In more than 90% of cases the cause is a viral infection. These viruses may be spread through the air when people cough or by direct contact. A small number of cases are caused by a bacterial infection such as Mycoplasma pneumoniae or Bordetella pertussis. Risk factors include exposure to tobacco smoke, dust, and other air pollution. Treatment of acute bronchitis typically involves rest, paracetamol (acetaminophen), and nonsteroidal anti-inflammatory drugs (NSAIDs) to help with the fever.Chronic bronchitis is defined as a productive cough ‚Ä?one that produces sputum ‚Ä?that lasts for three months or more per year for at least two years. Many people with chronic bronchitis also have chronic obstructive pulmonary disease (COPD). Tobacco smoking is the most common cause, with a number of other factors such as air pollution and genetics playing a smaller role. Treatments include quitting smoking, vaccinations, rehabilitation, and often inhaled bronchodilators and steroids. Some people may benefit from long-term oxygen therapy.Acute bronchitis is one of the more common diseases. About 5% of adults and 6% of children have at least one episode a year. Acute bronchitis is the most common type of bronchitis. By contrast in the United States, in 2018, 9.3 million people were diagnosed with the less common chronic bronchitis."
Tuberculosis,"Tuberculosis (TB), also known as the ""white death"", or historically as consumption, is an infectious disease usually caused by Mycobacterium tuberculosis (MTB) bacteria. Tuberculosis generally affects the lungs, but it can also affect other parts of the body. Most infections show no symptoms, in which case it is known as latent tuberculosis. Around 10% of latent infections progress to active disease which, if left untreated, kill about half of those affected. Typical symptoms of active TB are chronic cough with blood-containing mucus, fever, night sweats, and weight loss. Infection of other organs can cause a wide range of symptoms.Tuberculosis is spread from one person to the next through the air when people who have active TB in their lungs cough, spit, speak, or sneeze. People with latent TB do not spread the disease. Active infection occurs more often in people with HIV/AIDS and in those who smoke. Diagnosis of active TB is based on chest X-rays, as well as microscopic examination and culture of body fluids. Diagnosis of Latent TB relies on the tuberculin skin test (TST) or blood tests.Prevention of TB involves screening those at high risk, early detection and treatment of cases, and vaccination with the bacillus Calmette-Gu√©rin (BCG) vaccine. Those at high risk include household, workplace, and social contacts of people with active TB. Treatment requires the use of multiple antibiotics over a long period of time. Antibiotic resistance is a growing problem, with increasing rates of multiple drug-resistant tuberculosis (MDR-TB).In 2018, one quarter of the world's population was thought to have a latent infection of TB. New infections occur in about 1% of the population each year. In 2022, an estimated 10.6 million people developed active TB, resulting in 1.3 million deaths, making it the second leading cause of death from an infectious disease after COVID-19. As of 2018, most TB cases occurred in the regions of South-East Asia (44%), Africa (24%), and the Western Pacific (18%), with more than 50% of cases being diagnosed in seven countries: India (27%), China (9%), Indonesia (8%), the Philippines (6%), Pakistan (6%), Nigeria (4%), and Bangladesh (4%). By 2021, the number of new cases each year was decreasing by around 2% annually. About 80% of people in many Asian and African countries test positive, while 5‚Ä?0% of people in the United States test positive via the tuberculin test. Tuberculosis has been present in humans since ancient times."
Either,
X-ray,"X-ray (or much less commonly, X-radiation) is a high-energy electromagnetic radiation. In many languages, it is referred to as R√∂ntgen radiation, after the German scientist Wilhelm Conrad R√∂ntgen, who discovered it in 1895 and named it X-radiation to signify an unknown type of radiation.X-ray wavelengths are shorter than those of UV rays and longer than those of gamma rays. There is no universally accepted, strict definition of the bounds of the X-ray band. Roughly, X-rays have a wavelength ranging from 10 nanometers to 10 picometers, corresponding to frequencies in the range 30 petahertz to 30 exahertz (3√ó1016 Hz to 3√ó1019 Hz) and energies in the range 100 eV to 100 keV, respectively.
X-rays are widely used in medical diagnostics (e.g., checking for broken bones) and material science (e.g., identification of some chemical elements and detecting weak points in construction materials)."
Dyspnoea,
Visit to Asia,No description available.
